Run,ConvergenceTime,BestDistance
1,0.481901,11815
2,0.694624,10189
3,0.712269,11575
4,0.575423,12178
5,0.594862,11077
