Run,ConvergenceTime,BestDistance
1,0.313759,12689
2,0.313479,14425
3,0.361401,13213
4,0.527925,11628
5,0.437903,13375
